"idx","name","cluster","IC","rep_idx","representative"
1,"CHSWGSCH",1,1.23703226947088,1,"CHSWGSCH"
2,"SCWGSWGN",2,1.24263473027174,2,"SCWGSWGN"
3,"CCUYYCYYCCY",3,1.17538471789864,3,"CCUYYCYYCCY"
6,"AAAAAAAWAAA",4,1.58306313307959,4,"RUUUUUUUUUUU"
4,"RUUUUUUUUUUU",4,1.38089011207867,4,"RUUUUUUUUUUU"
5,"UGGGGKKGGRGG",5,1.25234886922334,5,"UGGGGKKGGRGG"
7,"GRCCUCAGASGG",6,1.55403672936643,6,"GRCCUCAGASGG"
8,"ACACACACACAC",7,1.68748049712639,7,"ACACACACACAC"
9,"CMCUGSCUBCCC",8,0.932087280100926,8,"CMCUGSCUBCCC"
10,"KGGRGKDGGRGG",9,1.09896689904686,9,"KGGRGKDGGRGG"
11,"GCGUCAAC",10,1.48082555563788,10,"GCGUCAAC"
12,"CAAGUGCC",11,1.52911554268031,11,"CAAGUGCC"
13,"AACGAAUU",12,1.53914169818889,12,"AACGAAUU"
14,"AAAUAAA",13,1.63838757042228,13,"AAAUAAA"
15,"CCGAGGA",14,1.53434764220072,14,"CCGAGGA"
20,"CUGGCCGGA",15,1.52575812425863,15,"GGCCGGA"
16,"GGCCGGA",15,1.52274923153262,15,"GGCCGGA"
17,"AGCUGCUSG",16,1.71985719650144,16,"AGCUGCUSG"
18,"UCAAUAAA",17,1.52997221383018,17,"UCAAUAAA"
19,"CRCCUACC",18,1.58455699130745,18,NA
