RANK	DB	ID	ALT_ID	CONSENSUS	TP	TP%	FP	FP%	ENR_RATIO	SCORE_THR	PVALUE	LOG_PVALUE	EVALUE	LOG_EVALUE	QVALUE	LOG_QVALUE
1	xstreme_out/streme_out/streme.xml	1-CUCACUAAGAAAUKU	STREME-1	CUCACUAAGAAAUKU	7	18.92	3	0.06	269	19	2.54e-13	-29.00	1.53e-12	-27.21	1.53e-12	-27.21
2	xstreme_out/streme_out/streme.xml	2-GGCUCAAURMUGGD	STREME-2	GGCUCAAURMUGGD	6	16.22	1	0.02	472	18	1.24e-12	-27.41	7.47e-12	-25.62	3.73e-12	-26.31
3	xstreme_out/streme_out/streme.xml	3-GCUGCUGAGAAUCC	STREME-3	GCUGCUGAGAAUCC	6	16.22	2	0.04	314	19	4.95e-12	-26.03	2.97e-11	-24.24	9.90e-12	-25.34
4	xstreme_out/streme_out/streme.xml	4-AGCGAUAAUGUUW	STREME-4	AGCGAUAAUGUUW	5	13.51	2	0.04	269	19	8.97e-10	-20.83	5.38e-9	-19.04	1.35e-9	-20.43
5	xstreme_out/streme_out/streme.xml	5-CUGAGUCUGUCUC	STREME-5	CUGAGUCUGUCUC	4	10.81	0	0.00	674	21	2.25e-9	-19.91	1.35e-8	-18.12	2.69e-9	-19.73
6	xstreme_out/meme_out/meme.xml	CACACACACACACAC	MEME-1	CACACACACACACAC	14	37.84	307	6.00	6.56	17	2.13e-7	-15.36	1.28e-6	-13.57	2.13e-7	-15.36

# SEA (Simple Enrichment Analysis): Version 5.5.8 compiled on May 19 2025 at 00:33:59
# The format of this file is described at https://meme-suite.org/meme/doc/sea-output-format.html.
# sea --verbosity 1 --oc xstreme_out/sea_out --qvalue --thresh 1 --order 2 --bfile xstreme_out/background --seed 0 --align right --motif-pseudo 0.01 --noseqs --m xstreme_out/meme_out/meme.xml --m xstreme_out/streme_out/streme.xml --p /Users/ronaldcutler/EinsteinMed Dropbox/Ronald Cutler/Vijg-lab/Collaborations/Jackson Rogow/transcriptomics/analysis/with-virus-and-stem-loop-unique/batch-2-arc-rep1-removed/motif_enrichment/1-extract-seq/log2fc_greaterthan_5_padj_lessthan_0p05.fasta --n /Users/ronaldcutler/EinsteinMed Dropbox/Ronald Cutler/Vijg-lab/Collaborations/Jackson Rogow/transcriptomics/analysis/with-virus-and-stem-loop-unique/batch-2-arc-rep1-removed/motif_enrichment/1-extract-seq/log2fc_lessthan_0.fasta
