Source File,X (um),Y (um)
C1-1hrCLTPBIP_001_d1.tif_d1_localizations.csv,25.7245625,2.904694
C1-1hrCLTPBIP_001_d1.tif_d1_localizations.csv,26.5169775,3.38195
C1-1hrCLTPBIP_001_d1.tif_d1_localizations.csv,23.190817,0.7158125
C1-1hrCLTPBIP_001_d1.tif_d1_localizations.csv,0.769392,2.8258945
C1-1hrCLTPBIP_001_d1.tif_d1_localizations.csv,33.9856465,1.811368
C1-1hrCLTPBIP_001_d1.tif_d1_localizations.csv,32.384196,1.9477055
C1-1hrCLTPBIP_001_d1.tif_d1_localizations.csv,28.9750435,1.982097
C1-1hrCLTPBIP_001_d1.tif_d1_localizations.csv,7.8969475,2.338843
C1-1hrCLTPBIP_001_d1.tif_d1_localizations.csv,29.496324,1.923519
C1-1hrCLTPBIP_001_d1.tif_d1_localizations.csv,3.2588465,2.025764
C1-1hrCLTPBIP_001_d1.tif_d1_localizations.csv,8.2516915,2.4768705
C1-1hrCLTPBIP_001_d2.tif_d1_localizations.csv,40.8153005,0.5355415
C1-1hrCLTPBIP_001_d2.tif_d1_localizations.csv,52.261027,2.684136
C1-1hrCLTPBIP_001_d2.tif_d1_localizations.csv,24.0274125,2.962063
C1-1hrCLTPBIP_001_d2.tif_d1_localizations.csv,5.332704,0.6760845
C1-1hrCLTPBIP_001_d2.tif_d1_localizations.csv,11.198603,0.9239035
C1-1hrCLTPBIP_001_d2.tif_d1_localizations.csv,29.985514,1.3752895
C1-1hrCLTPBIP_001_d2.tif_d1_localizations.csv,6.3103885,1.5086305
C1-1hrCLTPBIP_001_d2.tif_d1_localizations.csv,28.538809,1.814488
C1-1hrCLTPBIP_001_d2.tif_d1_localizations.csv,31.047341,1.8245695
C1-1hrCLTPBIP_001_d2.tif_d1_localizations.csv,33.5838165,2.1551855
C1-1hrCLTPBIP_002_d1.tif_d1_localizations.csv,21.8140845,3.9087555
C1-1hrCLTPBIP_002_d1.tif_d1_localizations.csv,20.739849,2.464072
C1-1hrCLTPBIP_002_d1.tif_d1_localizations.csv,7.2999225,2.676193
C1-1hrCLTPBIP_002_d1.tif_d1_localizations.csv,48.998625,3.1889325
C1-1hrCLTPBIP_002_d1.tif_d1_localizations.csv,11.0380595,4.53999
C1-1hrCLTPBIP_002_d1.tif_d1_localizations.csv,8.899098,2.8924675
C1-1hrCLTPBIP_002_d2.tif_d1_localizations.csv,76.447306,1.8135585
C1-1hrCLTPBIP_002_d2.tif_d1_localizations.csv,19.702488,1.8342415
C1-1hrCLTPBIP_002_d2.tif_d1_localizations.csv,46.059481,3.2132165
C1-1hrCLTPBIP_002_d2.tif_d1_localizations.csv,56.4487365,0.763724
C1-1hrCLTPBIP_002_d2.tif_d1_localizations.csv,54.384447,0.8588385
C1-1hrCLTPBIP_002_d2.tif_d1_localizations.csv,58.56786,1.2300015
C1-1hrCLTPBIP_002_d2.tif_d1_localizations.csv,58.0368165,1.3033735
C1-1hrCLTPBIP_002_d2.tif_d1_localizations.csv,4.080453,0.749996
C1-1hrCLTPBIP_002_d2.tif_d1_localizations.csv,3.2038825,1.1837085
C1-1hrCLTPBIP_002_d2.tif_d1_localizations.csv,4.016818,1.4944215
C1-1hrCLTPBIP_002_d2.tif_d1_localizations.csv,3.3984665,0.930566
C1-1hrCLTPBIP_002_d2.tif_d1_localizations.csv,54.9173105,1.1209835
C1-1hrCLTPBIP_003_d1.tif_d1_localizations.csv,8.589724,1.483495
C1-1hrCLTPBIP_003_d1.tif_d1_localizations.csv,2.4671205,1.6987945
C1-1hrCLTPBIP_003_d1.tif_d1_localizations.csv,5.110937,1.383213
C1-1hrCLTPBIP_003_d1.tif_d1_localizations.csv,3.031613,1.5197195
C1-1hrCLTPBIP_003_d1.tif_d1_localizations.csv,6.4751505,1.55272
C1-1hrCLTPBIP_003_d1.tif_d1_localizations.csv,12.7470135,3.437564
C1-1hrCLTPBIP_003_d1.tif_d1_localizations.csv,0.357682,3.128242
C1-1hrCLTPBIP_003_d1.tif_d1_localizations.csv,1.4231035,3.513965
C1-1hrCLTPBIP_003_d1.tif_d1_localizations.csv,14.337973,1.520571
C1-1hrCLTPBIP_003_d1.tif_d1_localizations.csv,15.602119,1.864226
C1-1hrCLTPBIP_003_d1.tif_d1_localizations.csv,0.3378765,2.0019545
C1-1hrCLTPBIP_003_d1.tif_d1_localizations.csv,16.6354045,2.088437
C1-1hrCLTPBIP_003_d1.tif_d1_localizations.csv,0.244725,3.178747
C1-1hrCLTPBIP_003_d2.tif_d1_localizations.csv,44.7954325,1.9101095
C1-1hrCLTPBIP_003_d2.tif_d1_localizations.csv,110.943846,1.96066
C1-1hrCLTPBIP_003_d2.tif_d1_localizations.csv,28.1755305,2.024529
C1-1hrCLTPBIP_003_d2.tif_d1_localizations.csv,38.6185865,2.4829025
C1-1hrCLTPBIP_003_d2.tif_d1_localizations.csv,40.958801,2.478151
C1-1hrCLTPBIP_003_d2.tif_d1_localizations.csv,79.478347,0.2439385
C1-1hrCLTPBIP_003_d2.tif_d1_localizations.csv,5.529329,1.0677875
C1-1hrCLTPBIP_003_d2.tif_d1_localizations.csv,9.966086,1.173601
C1-1hrCLTPBIP_003_d2.tif_d1_localizations.csv,47.549346,1.225887
C1-1hrCLTPBIP_003_d2.tif_d1_localizations.csv,35.8336225,1.837732
C1-1hrCLTPBIP_003_d2.tif_d1_localizations.csv,3.9089635,1.8958095
C1-1hrCLTPBIP_003_d2.tif_d1_localizations.csv,154.126869,2.0596095
C1-1hrCLTPBIP_003_d2.tif_d1_localizations.csv,55.3029555,2.14097
C1-1hrCLTPBIP_003_d2.tif_d1_localizations.csv,12.548224,2.7318525
C1-1hrCLTPBIP_003_d2.tif_d1_localizations.csv,15.860702,2.767856
C1-1hrCLTPBIP_003_d2.tif_d1_localizations.csv,0.322062,3.0289415
C1-1hrCLTPBIP_003_d2.tif_d1_localizations.csv,45.6535495,3.3922655
C1-1hrCLTPBIP_003_d2.tif_d1_localizations.csv,4.463862,1.3703235
C1-1hrCLTPBIP_003_d2.tif_d1_localizations.csv,35.166404,1.843491
C1-1hrCLTPBIP_003_d2.tif_d1_localizations.csv,103.3092905,1.83716
C1-1hrCLTPBIP_003_d2.tif_d1_localizations.csv,11.247808,2.4030825
C1-1hrCLTPBIP_003_d2.tif_d1_localizations.csv,26.5567185,2.382081
C1-1hrCLTPBIP_003_d2.tif_d1_localizations.csv,19.1867325,2.5345775
C1-1hrCLTPBIP_003_d2.tif_d1_localizations.csv,17.201418,1.4817855
C1-1hrCLTPBIP_003_d2.tif_d1_localizations.csv,18.35925,1.7979325
C1-1hrCLTPBIP_003_d2.tif_d1_localizations.csv,77.335362,1.9135025
C1-1hrCLTPBIP_003_d2.tif_d1_localizations.csv,4.99694,2.533973
C1-1hrCLTPBIP_003_d2.tif_d1_localizations.csv,0.58448,2.6841035
C1-1hrCLTPBIP_003_d2.tif_d1_localizations.csv,2.141685,2.7173185
C1-1hrCLTPBIP_003_d2.tif_d1_localizations.csv,3.650322,2.8721355
C1-1hrCLTPBIP_003_d2.tif_d1_localizations.csv,1.0992735,1.6009045
C1-1hrCLTPBIP_003_d2.tif_d1_localizations.csv,49.135554,0.160446
C1-1hrCLTPBIP_003_d2.tif_d1_localizations.csv,2.4534575,1.536119
C1-1hrCLTPBIP_003_d2.tif_d1_localizations.csv,3.530774,1.833923
C1-1hrCLTPBIP_003_d2.tif_d1_localizations.csv,56.2463525,3.0432025
C1-1hrCLTPBIP_003_d2.tif_d1_localizations.csv,55.0816695,2.9497195
C1-1hrCLTPBIP_003_d2.tif_d1_localizations.csv,55.557593,3.53782
C1-1hrCLTPBIP_003_d2.tif_d1_localizations.csv,55.859505,3.573817
C1-1hrCLTPBIP_003_d2.tif_d1_localizations.csv,0.517491,0.7249515
C1-1hrCLTPBIP_003_d2.tif_d1_localizations.csv,0.7281755,1.1620115
C1-1hrCLTPBIP_003_d2.tif_d1_localizations.csv,56.2564015,3.394118
C1-1hrCLTPBIP_005_d1.tif_d1_localizations.csv,3.198455,1.027156
C1-1hrCLTPBIP_005_d1.tif_d1_localizations.csv,22.566674,0.9153625
C1-1hrCLTPBIP_005_d2.tif_d1_localizations.csv,22.28889,1.933607
C1-1hrCLTPBIP_005_d2.tif_d1_localizations.csv,25.678718,3.902171
C1-1hrCLTPBIP_005_d2.tif_d1_localizations.csv,0.438152,1.6777475
C1-1hrCLTPBIP_005_d2.tif_d1_localizations.csv,6.6042145,0.1523275
C1-1hrCLTPBIP_005_d2.tif_d1_localizations.csv,5.321888,1.6315845
C1-1hrCLTPBIP_005_d2.tif_d1_localizations.csv,9.494108,1.9266585
C1-1hrCLTPBIP_005_d2.tif_d1_localizations.csv,16.889431,1.5543515
C1-1hrCLTPBIP_008_d1.tif_d1_localizations.csv,22.325329,2.1999575
C1-1hrCLTPBIP_008_d1.tif_d1_localizations.csv,42.6991305,2.273687
C1-1hrCLTPBIP_008_d1.tif_d1_localizations.csv,25.431835,2.459522
C1-1hrCLTPBIP_008_d1.tif_d1_localizations.csv,88.909691,2.0300085
C1-1hrCLTPBIP_008_d1.tif_d1_localizations.csv,72.983651,2.1310445
C1-1hrCLTPBIP_008_d1.tif_d1_localizations.csv,37.718928,1.97366
C1-1hrCLTPBIP_008_d1.tif_d1_localizations.csv,5.1965225,1.112644
C1-1hrCLTPBIP_008_d1.tif_d1_localizations.csv,2.591368,2.0837895
C1-1hrCLTPBIP_008_d1.tif_d1_localizations.csv,3.7614265,2.229448
C1-1hrCLTPBIP_008_d1.tif_d1_localizations.csv,101.673325,2.229097
C1-1hrCLTPBIP_008_d1.tif_d1_localizations.csv,5.148741,2.340091
C1-1hrCLTPBIP_008_d1.tif_d1_localizations.csv,10.2429275,2.4766495
C1-1hrCLTPBIP_008_d2.tif_d1_localizations.csv,21.5451795,1.9136
C1-1hrCLTPBIP_008_d2.tif_d1_localizations.csv,0.8940555,1.4400555
C1-1hrCLTPBIP_008_d2.tif_d1_localizations.csv,11.056994,1.53621
C1-1hrCLTPBIP_008_d2.tif_d1_localizations.csv,15.558998,1.436955
C1-1hrCLTPBIP_008_d2.tif_d1_localizations.csv,7.9308385,3.024866
C1-1hrCLTPBIP_008_d3.tif_d1_localizations.csv,26.297102,1.6428815
C1-1hrCLTPBIP_008_d3.tif_d1_localizations.csv,44.804071,1.7170725
C1-1hrCLTPBIP_008_d3.tif_d1_localizations.csv,6.436638,1.9275685
C1-1hrCLTPBIP_008_d3.tif_d1_localizations.csv,0.5765695,1.18729
C1-1hrCLTPBIP_010_d1.tif_d1_localizations.csv,37.740846,2.6861575
C1-1hrCLTPBIP_010_d1.tif_d1_localizations.csv,42.123614,2.8955485
C1-1hrCLTPBIP_010_d1.tif_d1_localizations.csv,30.169438,1.640301
C1-1hrCLTPBIP_010_d1.tif_d1_localizations.csv,19.1928425,1.816594
C1-1hrCLTPBIP_010_d1.tif_d1_localizations.csv,19.972316,1.883141
C1-1hrCLTPBIP_010_d1.tif_d1_localizations.csv,28.9793465,2.1077615
C1-1hrCLTPBIP_010_d1.tif_d1_localizations.csv,23.379434,2.71063
C1-1hrCLTPBIP_010_d1.tif_d1_localizations.csv,18.99092,1.4827085
C1-1hrCLTPBIP_010_d1.tif_d1_localizations.csv,23.4484315,3.224351
C1-1hrCLTPBIP_010_d1.tif_d1_localizations.csv,0.731965,0.6716645
C1-1hrCLTPBIP_010_d1.tif_d1_localizations.csv,6.261567,2.9400735
C1-1hrCLTPBIP_010_d1.tif_d1_localizations.csv,3.607526,2.5396865
C1-1hrCLTPBIP_010_d2.tif_d1_localizations.csv,12.143742,1.959217
C1-1hrCLTPBIP_010_d2.tif_d1_localizations.csv,17.742777,2.0358325
C1-1hrCLTPBIP_010_d2.tif_d1_localizations.csv,14.3565695,2.0979075
C1-1hrCLTPBIP_010_d2.tif_d1_localizations.csv,7.73591,2.1032765
C1-1hrCLTPBIP_010_d2.tif_d1_localizations.csv,6.296069,2.5788035
C1-1hrCLTPBIP_010_d2.tif_d1_localizations.csv,8.5314385,1.5535845
C1-1hrCLTPBIP_010_d2.tif_d1_localizations.csv,20.8270465,1.650272
C1-1hrCLTPBIP_010_d2.tif_d1_localizations.csv,4.246242,2.250794
C1-1hrCLTPBIP_010_d2.tif_d1_localizations.csv,1.467739,1.5207595
C1-1hrCLTPBIP_010_d2.tif_d1_localizations.csv,41.7737645,1.969539
C1-1hrCLTPBIP_010_d2.tif_d1_localizations.csv,6.235541,1.3099515
C1-1hrCLTPBIP_010_d2.tif_d1_localizations.csv,42.1071885,1.383486
C1-1hrCLTPBIP_010_d2.tif_d1_localizations.csv,6.4647635,2.1201635
C1-1hrCLTPBIP_010_d2.tif_d1_localizations.csv,4.6660055,2.275091
C1-1hrCLTPBIP_010_d2.tif_d1_localizations.csv,0.311909,0.177684
C1-1hrCLTPBIP_010_d2.tif_d1_localizations.csv,0.3409185,3.4402615
C1-1hrCLTPBIP_010_d2.tif_d1_localizations.csv,0.953901,0.9827155
C1-1hrCLTPBIP_010_d2.tif_d1_localizations.csv,0.9011925,1.713686
C1-1hrCLTPBIP_010_d3.tif_d1_localizations.csv,50.822148,2.1637395
C1-1hrCLTPBIP_010_d3.tif_d1_localizations.csv,43.04729,2.0342205
C1-1hrCLTPBIP_010_d3.tif_d1_localizations.csv,50.431992,2.1360105
C1-1hrCLTPBIP_010_d3.tif_d1_localizations.csv,61.2602835,2.515721
C1-1hrCLTPBIP_010_d3.tif_d1_localizations.csv,35.101248,1.697137
C1-1hrCLTPBIP_010_d3.tif_d1_localizations.csv,2.410044,1.835431
C1-1hrCLTPBIP_010_d3.tif_d1_localizations.csv,42.5292075,2.3180365
C1-1hrCLTPBIP_010_d3.tif_d1_localizations.csv,17.3929665,3.22829
C1-1hrCLTPBIP_010_d3.tif_d1_localizations.csv,2.9436355,1.785264
C1-1hrCLTPBIP_010_d3.tif_d1_localizations.csv,13.198822,2.267694
C1-1hrCLTPBIP_010_d3.tif_d1_localizations.csv,0.30953,1.925976
C1-1hrCLTPBIP_010_d3.tif_d1_localizations.csv,9.6738915,2.739412
C1-1hrCLTPBIP_010_d3.tif_d1_localizations.csv,7.432841,1.8917275
C1-1hrCLTPBIP_010_d3.tif_d1_localizations.csv,6.586541,2.2588215
C1-1hrCLTPBIP_010_d3.tif_d1_localizations.csv,53.4212055,3.3698665
C1-1hrCLTPBIP_010_d3.tif_d1_localizations.csv,52.4429425,3.6102625
C1-1hrCLTPBIP_010_d3.tif_d1_localizations.csv,53.356719,3.094871
C1-1hrCLTPBIP_010_d4.tif_d1_localizations.csv,12.7488075,3.493672
C1-1hrCLTPBIP_010_d4.tif_d1_localizations.csv,8.793668,1.799902
C1-1hrCLTPBIP_010_d4.tif_d1_localizations.csv,23.788648,1.7173455
C1-1hrCLTPBIP_010_d4.tif_d1_localizations.csv,5.2466245,1.828164
C1-1hrCLTPBIP_010_d4.tif_d1_localizations.csv,2.994459,1.127503
C1-1hrCLTPBIP_010_d4.tif_d1_localizations.csv,2.2577035,1.6578055
C1-1hrCLTPBIP_010_d5.tif_d1_localizations.csv,26.801268,1.9056245
C1-1hrCLTPBIP_010_d5.tif_d1_localizations.csv,50.4836735,1.889498
C1-1hrCLTPBIP_010_d5.tif_d1_localizations.csv,72.7867335,2.210286
C1-1hrCLTPBIP_010_d5.tif_d1_localizations.csv,34.4635525,0.769158
C1-1hrCLTPBIP_010_d5.tif_d1_localizations.csv,16.241836,1.396785
C1-1hrCLTPBIP_010_d5.tif_d1_localizations.csv,19.460207,1.6271125
C1-1hrCLTPBIP_010_d5.tif_d1_localizations.csv,34.4466135,1.6490825
C1-1hrCLTPBIP_010_d5.tif_d1_localizations.csv,13.10868,1.704859
C1-1hrCLTPBIP_010_d5.tif_d1_localizations.csv,8.393216,1.8030675
C1-1hrCLTPBIP_010_d5.tif_d1_localizations.csv,82.3769505,1.910428
C1-1hrCLTPBIP_010_d5.tif_d1_localizations.csv,10.355566,2.334436
C1-1hrCLTPBIP_010_d5.tif_d1_localizations.csv,45.9377555,2.357004
C1-1hrCLTPBIP_010_d5.tif_d1_localizations.csv,34.4766825,2.632981
C1-1hrCLTPBIP_010_d5.tif_d1_localizations.csv,27.149473,3.0703985
C1-1hrCLTPBIP_010_d5.tif_d1_localizations.csv,53.431716,1.8804955
C1-1hrCLTPBIP_010_d5.tif_d1_localizations.csv,38.744199,2.0883525
C1-1hrCLTPBIP_010_d5.tif_d1_localizations.csv,0.904735,2.1468915
C1-1hrCLTPBIP_010_d5.tif_d1_localizations.csv,18.382819,2.160106
C1-1hrCLTPBIP_010_d5.tif_d1_localizations.csv,2.4992045,1.5848885
C1-1hrCLTPBIP_010_d5.tif_d1_localizations.csv,29.038425,1.783964
C1-1hrCLTPBIP_010_d5.tif_d1_localizations.csv,85.7237745,1.997931
C1-1hrCLTPBIP_010_d5.tif_d1_localizations.csv,15.6155935,1.364259
C1-1hrCLTPBIP_010_d5.tif_d1_localizations.csv,4.096716,1.6081065
C1-1hrCLTPBIP_010_d5.tif_d1_localizations.csv,36.7669965,1.733004
C1-1hrCLTPBIP_010_d5.tif_d1_localizations.csv,12.077195,1.826448
C1-1hrCLTPBIP_010_d5.tif_d1_localizations.csv,2.863289,2.150122
C1-1hrCLTPBIP_010_d5.tif_d1_localizations.csv,17.229108,2.2908145
C1-1hrCLTPBIP_010_d5.tif_d1_localizations.csv,87.5955275,2.5050155
C1-1hrCLTPBIP_010_d5.tif_d1_localizations.csv,3.2153875,1.417494
C1-1hrCLTPBIP_010_d5.tif_d1_localizations.csv,14.1216205,1.748032
C1-1hrCLTPBIP_010_d5.tif_d1_localizations.csv,35.8090525,1.8127785
C1-1hrCLTPBIP_010_d5.tif_d1_localizations.csv,6.1541675,2.013583
C1-1hrCLTPBIP_010_d5.tif_d1_localizations.csv,1.4360125,2.437448
C1-1hrCLTPBIP_010_d5.tif_d1_localizations.csv,87.4403335,2.2011145
C1-1hrCLTPBIP_010_d6.tif_d1_localizations.csv,3.076385,1.397396
C1-1hrCLTPBIP_010_d6.tif_d1_localizations.csv,10.301707,2.2997455
C1-1hrCLTPBIP_010_d6.tif_d1_localizations.csv,5.37303,1.4421485
C1-1hrCLTPBIP_010_d6.tif_d1_localizations.csv,25.563798,2.083393
C1-1hrCLTPBIP_010_d6.tif_d1_localizations.csv,4.202718,2.522728
C1-1hrCLTPBIP_010_d6.tif_d1_localizations.csv,37.455886,3.4998405
C1-1hrCLTPBIP_010_d6.tif_d1_localizations.csv,11.4949185,1.753713
C1-1hrCLTPBIP_010_d6.tif_d1_localizations.csv,9.033154,1.9338995
C1-1hrCLTPBIP_010_d6.tif_d1_localizations.csv,19.2790975,2.034058
C1-1hrCLTPBIP_012_d1.tif_d1_localizations.csv,70.777031,2.2796085
C1-1hrCLTPBIP_012_d1.tif_d1_localizations.csv,37.354824,2.024763
C1-1hrCLTPBIP_012_d1.tif_d1_localizations.csv,68.26872,2.2879805
C1-1hrCLTPBIP_012_d1.tif_d1_localizations.csv,11.4260445,3.3295015
C1-1hrCLTPBIP_012_d1.tif_d1_localizations.csv,0.668135,2.380625
C1-1hrCLTPBIP_012_d1.tif_d1_localizations.csv,0.861107,1.9481085
C1-1hrCLTPBIP_012_d1.tif_d1_localizations.csv,1.1235185,3.0510805
C1-1hrCLTPBIP_012_d1.tif_d1_localizations.csv,0.5186805,1.719211
C1-1hrCLTPBIP_012_d1.tif_d1_localizations.csv,1.0910445,3.8984985
C1-1hrCLTPBIP_012_d2.tif_d1_localizations.csv,71.1276735,1.692158
C1-1hrCLTPBIP_012_d2.tif_d1_localizations.csv,62.676185,2.304757
C1-1hrCLTPBIP_012_d2.tif_d1_localizations.csv,40.9017245,1.935531
C1-1hrCLTPBIP_012_d2.tif_d1_localizations.csv,37.1997925,2.182089
C1-1hrCLTPBIP_012_d2.tif_d1_localizations.csv,19.304402,2.020772
C1-1hrCLTPBIP_012_d2.tif_d1_localizations.csv,22.291269,2.5562095
C1-1hrCLTPBIP_012_d2.tif_d1_localizations.csv,25.670008,3.137121
C1-1hrCLTPBIP_012_d2.tif_d1_localizations.csv,18.4570035,0.9915295
C1-1hrCLTP_Tom20500_001_d1.tif_d1_localizations.csv,58.943482,2.49561
C1-1hrCLTP_Tom20500_001_d1.tif_d1_localizations.csv,34.4607575,3.5552335
C1-1hrCLTP_Tom20500_001_d1.tif_d1_localizations.csv,9.9461505,1.6716375
C1-1hrCLTP_Tom20500_001_d1.tif_d1_localizations.csv,45.2726885,2.675673
C1-1hrCLTP_Tom20500_001_d1.tif_d1_localizations.csv,41.930928,2.0520175
C1-1hrCLTP_Tom20500_001_d1.tif_d1_localizations.csv,3.3048015,2.1005985
C1-1hrCLTP_Tom20500_001_d1.tif_d1_localizations.csv,19.665256,3.5727705
C1-1hrCLTP_Tom20500_001_d1.tif_d1_localizations.csv,34.097375,2.445586
C1-1hrCLTP_Tom20500_002_d1.tif_d1_localizations.csv,23.4846755,2.364999
C1-1hrCLTP_Tom20500_002_d1.tif_d1_localizations.csv,15.8731365,2.386345
C1-1hrCLTP_Tom20500_002_d1.tif_d1_localizations.csv,2.207322,2.9418675
C1-1hrCLTP_Tom20500_002_d1.tif_d1_localizations.csv,1.31547,2.976597
C1-1hrCLTP_Tom20500_002_d1.tif_d1_localizations.csv,3.504306,3.1380895
C1-1hrCLTP_Tom20500_002_d1.tif_d1_localizations.csv,61.17345,2.426021
C1-1hrCLTP_Tom20500_002_d1.tif_d1_localizations.csv,2.833402,3.1657405
C1-1hrCLTP_Tom20500_002_d2.tif_d1_localizations.csv,27.272622,1.549873
C1-1hrCLTP_Tom20500_002_d2.tif_d1_localizations.csv,13.6628635,2.1633495
C1-1hrCLTP_Tom20500_002_d2.tif_d1_localizations.csv,7.9901445,1.0236915
C1-1hrCLTP_Tom20500_002_d2.tif_d1_localizations.csv,7.464847,2.4219455
C1-1hrCLTP_Tom20500_002_d2.tif_d1_localizations.csv,5.280288,2.7851005
C1-1hrCLTP_Tom20500_002_d2.tif_d1_localizations.csv,1.5462005,2.359981
C1-1hrCLTP_Tom20500_002_d2.tif_d1_localizations.csv,15.7804205,2.7814345
C1-1hrCLTP_Tom20500_002_d2.tif_d1_localizations.csv,15.447289,1.3144495
C1-1hrCLTP_Tom20500_002_d2.tif_d1_localizations.csv,29.0978545,2.54332
C1-1hrCLTP_Tom20500_002_d2.tif_d1_localizations.csv,4.8893975,2.1574345
C1-1hrCLTP_Tom20500_002_d2.tif_d1_localizations.csv,0.2334735,3.4646495
C1-1hrCLTP_Tom20500_002_d3.tif_d1_localizations.csv,10.6904785,1.7841265
C1-1hrCLTP_Tom20500_002_d3.tif_d1_localizations.csv,12.3260605,1.166789
C1-1hrCLTP_Tom20500_002_d3.tif_d1_localizations.csv,9.8780045,1.0713235
C1-1hrCLTP_Tom20500_002_d3.tif_d1_localizations.csv,0.914043,2.942758
C1-1hrCLTP_Tom20500_003_d1.tif_d1_localizations.csv,19.0426405,2.138513
C1-1hrCLTP_Tom20500_003_d1.tif_d1_localizations.csv,0.652145,0.7005375
C1-1hrCLTP_Tom20500_003_d1.tif_d1_localizations.csv,5.8557005,2.4066705
C1-1hrCLTP_Tom20500_003_d1.tif_d1_localizations.csv,0.9132045,1.47719
C1-1hrCLTP_Tom20500_003_d1.tif_d1_localizations.csv,36.286679,2.0211815
C1-1hrCLTP_Tom20500_003_d1.tif_d1_localizations.csv,27.6424005,2.083159
C1-1hrCLTP_Tom20500_003_d1.tif_d1_localizations.csv,11.6711335,2.013726
C1-1hrCLTP_Tom20500_003_d1.tif_d1_localizations.csv,1.566578,2.646709
C1-1hrCLTP_Tom20500_003_d1.tif_d1_localizations.csv,25.047529,2.103621
C1-1hrCLTP_Tom20500_003_d1.tif_d1_localizations.csv,14.738269,1.9392815
C1-1hrCLTP_Tom20500_003_d1.tif_d1_localizations.csv,29.466151,2.073942
C1-1hrCLTP_Tom20500_003_d1.tif_d1_localizations.csv,2.781506,2.2692735
C1-1hrCLTP_Tom20500_003_d1.tif_d1_localizations.csv,3.6268115,1.2795575
C1-1hrCLTP_Tom20500_003_d1.tif_d1_localizations.csv,4.267653,2.7788085
C1-1hrCLTP_Tom20500_003_d1.tif_d1_localizations.csv,10.9568875,3.135054
C1-1hrCLTP_Tom20500_003_d1.tif_d1_localizations.csv,2.8207075,2.9757195
C1-1hrCLTP_Tom20500_003_d2.tif_d1_localizations.csv,4.7630375,1.1782615
C1-1hrCLTP_Tom20500_003_d2.tif_d1_localizations.csv,9.183421,3.03953
C1-1hrCLTP_Tom20500_003_d2.tif_d1_localizations.csv,3.489135,1.760889
C1-1hrCLTP_Tom20500_003_d2.tif_d1_localizations.csv,0.3645915,1.078467
C1-1hrCLTP_Tom20500_003_d2.tif_d1_localizations.csv,15.540265,2.3710115
C1-1hrCLTP_Tom20500_003_d2.tif_d1_localizations.csv,14.7388085,3.579238
C1-1hrCLTP_Tom20500_003_d2.tif_d1_localizations.csv,8.542599,2.14435
C1-1hrCLTP_Tom20500_003_d2.tif_d1_localizations.csv,9.4604835,2.6247975
C1-1hrCLTP_Tom20500_003_d2.tif_d1_localizations.csv,37.739013,2.929745
C1-1hrCLTP_Tom20500_003_d2.tif_d1_localizations.csv,14.227343,1.275274
C1-1hrCLTP_Tom20500_003_d2.tif_d1_localizations.csv,13.591838,1.605643
C1-1hrCLTP_Tom20500_003_d2.tif_d1_localizations.csv,10.4324285,1.987115
C1-1hrCLTP_Tom20500_003_d2.tif_d1_localizations.csv,2.2532185,2.9938415
C1-1hrCLTP_Tom20500_004_d1.tif_d1_localizations.csv,12.210198,2.9412695
C1-1hrCLTP_Tom20500_004_d1.tif_d1_localizations.csv,17.3683835,2.2142705
C1-1hrCLTP_Tom20500_004_d1.tif_d1_localizations.csv,20.6887135,2.8946515
C1-1hrCLTP_Tom20500_004_d1.tif_d1_localizations.csv,1.168427,3.19826
C1-1hrCLTP_Tom20500_004_d1.tif_d1_localizations.csv,4.0989195,1.3490425
C1-1hrCLTP_Tom20500_004_d1.tif_d1_localizations.csv,5.3200875,2.7615185
C1-1hrCLTP_Tom20500_004_d1.tif_d1_localizations.csv,0.147355,3.0039035
C1-1hrCLTP_Tom20500_004_d1.tif_d1_localizations.csv,0.629837,3.2379295
C1-1hrCLTP_Tom20500_004_d1.tif_d1_localizations.csv,4.374578,1.428661
C1-1hrCLTP_Tom20500_004_d1.tif_d1_localizations.csv,23.211422,2.98116
C1-1hrCLTP_Tom20500_004_d1.tif_d1_localizations.csv,5.588349,2.010632
C1-1hrCLTP_Tom20500_004_d1.tif_d1_localizations.csv,0.925093,3.979534
C1-1hrCLTP_Tom20500_004_d2.tif_d1_localizations.csv,52.2655055,0.696748
C1-1hrCLTP_Tom20500_004_d2.tif_d1_localizations.csv,37.05806,1.8807685
C1-1hrCLTP_Tom20500_005_d1.tif_d1_localizations.csv,22.726145,2.3175295
C1-1hrCLTP_Tom20500_005_d1.tif_d1_localizations.csv,10.380955,2.4588265
C1-1hrCLTP_Tom20500_005_d1.tif_d1_localizations.csv,1.2924145,2.7476085
C1-1hrCLTP_Tom20500_005_d1.tif_d1_localizations.csv,24.8926275,2.034435
C1-1hrCLTP_Tom20500_005_d1.tif_d1_localizations.csv,5.9613125,1.370915
C1-1hrCLTP_Tom20500_005_d1.tif_d1_localizations.csv,63.5789375,2.3318165
C1-1hrCLTP_Tom20500_005_d1.tif_d1_localizations.csv,4.787913,3.1352425
C1-1hrCLTP_Tom20500_005_d1.tif_d1_localizations.csv,0.6073275,1.029873
C1-1hrCLTP_Tom20500_005_d1.tif_d1_localizations.csv,3.1858385,2.104427
C1-1hrCLTP_Tom20500_005_d1.tif_d1_localizations.csv,26.6396195,2.2560915
C1-1hrCLTP_Tom20500_005_d1.tif_d1_localizations.csv,49.3484745,2.3167105
C1-1hrCLTP_Tom20500_005_d1.tif_d1_localizations.csv,62.6694835,2.3162945
C1-1hrCLTP_Tom20500_005_d1.tif_d1_localizations.csv,13.411502,2.5521145
C1-1hrCLTP_Tom20500_005_d1.tif_d1_localizations.csv,9.121268,2.5943775
C1-1hrCLTP_Tom20500_005_d1.tif_d1_localizations.csv,24.644087,2.5886965
C1-1hrCLTP_Tom20500_005_d1.tif_d1_localizations.csv,5.867381,1.802177
C1-1hrCLTP_Tom20500_005_d1.tif_d1_localizations.csv,27.8577975,2.303522
C1-1hrCLTP_Tom20500_005_d1.tif_d1_localizations.csv,2.599467,2.859363
C1-1hrCLTP_Tom20500_005_d1.tif_d1_localizations.csv,5.20793,2.857166
C1-1hrCLTP_Tom20500_005_d1.tif_d1_localizations.csv,2.676531,2.080325
C1-1hrCLTP_Tom20500_005_d1.tif_d1_localizations.csv,5.2186745,2.2842105
C1-1hrCLTP_Tom20500_005_d1.tif_d1_localizations.csv,0.3793855,0.53313
C1-1hrCLTP_Tom20500_005_d1.tif_d1_localizations.csv,0.454415,1.349842
C1-1hrCLTP_Tom20500_005_d2.tif_d1_localizations.csv,26.203047,1.587703
C1-1hrCLTP_Tom20500_005_d3.tif_d1_localizations.csv,8.203442,1.359956
C1-1hrCLTP_Tom20500_006_d1.tif_d1_localizations.csv,6.2703225,1.6367325
C1-1hrCLTP_Tom20500_006_d1.tif_d1_localizations.csv,17.2427515,2.090244
C1-1hrCLTP_Tom20500_006_d1.tif_d1_localizations.csv,38.194195,2.1330075
C1-1hrCLTP_Tom20500_006_d1.tif_d1_localizations.csv,6.5261105,1.562457
C1-1hrCLTP_Tom20500_006_d1.tif_d1_localizations.csv,40.3018655,2.2592375
C1-1hrCLTP_Tom20500_006_d1.tif_d1_localizations.csv,18.287048,2.077036
C1-1hrCLTP_Tom20500_006_d1.tif_d1_localizations.csv,12.931009,2.150694
C1-1hrCLTP_Tom20500_006_d1.tif_d1_localizations.csv,12.077221,2.257632
C1-1hrCLTP_Tom20500_007_d1.tif_d1_localizations.csv,30.0347905,1.7145765
C1-1hrCLTP_Tom20500_007_d2.tif_d1_localizations.csv,36.981542,1.878669
C1-1hrCLTP_Tom20500_007_d2.tif_d1_localizations.csv,30.197401,0.548015
C1-1hrCLTP_Tom20500_007_d2.tif_d1_localizations.csv,29.7900785,0.6992375
C1-1hrCLTP_Tom20500_007_d2.tif_d1_localizations.csv,26.1906385,1.903213
C1-1hrCLTP_Tom20500_007_d2.tif_d1_localizations.csv,20.258992,2.27838
C1-1hrCLTP_Tom20500_007_d2.tif_d1_localizations.csv,27.792635,2.314351
C1-1hrCLTP_Tom20500_007_d3.tif_d1_localizations.csv,81.7631945,2.4562655
C1-1hrCLTP_Tom20500_007_d3.tif_d1_localizations.csv,9.208667,1.879683
C1-1hrCLTP_Tom20500_007_d3.tif_d1_localizations.csv,85.1242665,3.829085
C1-1hrCLTP_Tom20500_007_d3.tif_d1_localizations.csv,11.168716,1.752582
C1-1hrCLTP_Tom20500_007_d3.tif_d1_localizations.csv,10.6051985,2.2617205
C1-1hrCLTP_Tom20500_007_d3.tif_d1_localizations.csv,17.7996455,2.313584
C1-1hrCLTP_Tom20500_008_d1.tif_d1_localizations.csv,27.114256,2.930681
C1-1hrCLTP_Tom20500_008_d1.tif_d1_localizations.csv,47.314228,2.5373855
C1-1hrCLTP_Tom20500_008_d3.tif_d1_localizations.csv,5.8250335,2.591147
C1-1hrCLTP_Tom20500_008_d3.tif_d1_localizations.csv,29.9028665,0.715715
C1-1hrCLTP_Tom20500_008_d4.tif_d1_localizations.csv,0.3543345,2.149251
C1-1hrCLTP_Tom20500_008_d4.tif_d1_localizations.csv,3.709901,2.951065
C1-1hrCLTP_Tom20500_008_d5.tif_d1_localizations.csv,24.041433,1.413087
C1-1hrCLTP_Tom20500_008_d5.tif_d1_localizations.csv,16.2393855,2.179086
C1-1hrCLTP_Tom20500_008_d5.tif_d1_localizations.csv,31.0020815,0.703716
C1-1hrCLTP_Tom20500_008_d5.tif_d1_localizations.csv,11.101441,1.020006
C1-1hrCLTP_Tom20500_008_d5.tif_d1_localizations.csv,1.180946,1.6387475
C1-1hrCLTP_Tom20500_008_d5.tif_d1_localizations.csv,0.4542655,3.0176315
C1-1hrCLTP_Tom20500_011_d1.tif_d1_localizations.csv,8.2735315,2.411916
C1-1hrCLTP_Tom20500_011_d1.tif_d1_localizations.csv,8.664552,2.401126
C1-1hrCLTP_Tom20500_011_d1.tif_d1_localizations.csv,3.9654095,1.4350375
C1-1hrCLTP_Tom20500_011_d1.tif_d1_localizations.csv,14.165892,1.638832
C1-1hrCLTP_Tom20500_011_d1.tif_d1_localizations.csv,64.926147,1.6678675
C1-1hrCLTP_Tom20500_011_d1.tif_d1_localizations.csv,6.1078485,2.1055255
C1-1hrCLTP_Tom20500_011_d1.tif_d1_localizations.csv,38.7545665,2.212431
C1-1hrCLTP_Tom20500_011_d1.tif_d1_localizations.csv,21.0809885,3.2415175
C1-1hrCLTP_Tom20500_011_d1.tif_d1_localizations.csv,33.6253775,1.846806
C1-1hrCLTP_Tom20500_011_d1.tif_d1_localizations.csv,12.229061,2.1237255
C1-1hrCLTP_Tom20500_011_d1.tif_d1_localizations.csv,15.9288025,2.1930025
C1-1hrCLTP_Tom20500_011_d1.tif_d1_localizations.csv,58.8359265,2.6779805
C1-1hrCLTP_Tom20500_011_d1.tif_d1_localizations.csv,2.785055,1.8987215
C1-1hrCLTP_Tom20500_011_d1.tif_d1_localizations.csv,72.574073,1.9760715
C1-1hrCLTP_Tom20500_011_d1.tif_d1_localizations.csv,1.0873265,2.1673275
C1-1hrCLTP_Tom20500_011_d1.tif_d1_localizations.csv,4.019483,0.83629
C1-1hrCLTP_Tom20500_011_d1.tif_d1_localizations.csv,12.7254725,0.9073675
C1-1hrCLTP_Tom20500_011_d1.tif_d1_localizations.csv,2.338674,3.0721665
C1-1hrCLTP_Tom20500_011_d1.tif_d1_localizations.csv,4.6382765,1.800929
C1-1hrCLTP_Tom20500_011_d1.tif_d1_localizations.csv,22.6219955,1.8540925
C1-1hrCLTP_Tom20500_011_d1.tif_d1_localizations.csv,1.293682,1.048879
C1-1hrCLTP_Tom20500_011_d1.tif_d1_localizations.csv,1.5495415,3.478943
C1-1hrCLTP_Tom20500_011_d1.tif_d1_localizations.csv,1.0527855,3.029507
C1-1hrCLTP_Tom20500_011_d2.tif_d1_localizations.csv,4.7660925,2.323503
C1-1hrCLTP_Tom20500_011_d2.tif_d1_localizations.csv,5.1553255,2.3149555
C1-1hrCLTP_Tom20500_011_d2.tif_d1_localizations.csv,0.49192,1.3205465
C1-1hrCLTP_Tom20500_011_d2.tif_d1_localizations.csv,2.6044135,2.0245745
C1-1hrCLTP_Tom20500_011_d2.tif_d1_localizations.csv,10.177973,3.22621
C1-1hrCLTP_Tom20500_011_d2.tif_d1_localizations.csv,0.552955,0.725101
C1-1hrCLTP_Tom20500_011_d2.tif_d1_localizations.csv,9.4068845,1.835106
C1-1hrCLTP_Tom20500_011_d2.tif_d1_localizations.csv,1.152008,1.699061
C1-1hrCLTP_Tom20500_011_d3.tif_d1_localizations.csv,15.3950095,1.289977
C1-1hrCLTP_Tom20500_011_d3.tif_d1_localizations.csv,41.4666135,1.7737005
C1-1hrCLTP_Tom20500_011_d3.tif_d1_localizations.csv,23.094357,2.0708415
C1-1hrCLTP_Tom20500_011_d3.tif_d1_localizations.csv,13.123916,1.158781
C1-1hrCLTP_Tom20500_011_d3.tif_d1_localizations.csv,25.5530275,1.970566
C1-1hrCLTP_Tom20500_011_d3.tif_d1_localizations.csv,43.9980125,1.891396
C1-1hrCLTP_Tom20600_012_d1.tif_d1_localizations.csv,8.248994,0.4215055
C1-1hrCLTP_Tom20600_012_d1.tif_d1_localizations.csv,18.7882695,1.960218
C1-1hrCLTP_Tom20600_012_d1.tif_d1_localizations.csv,20.676097,2.06492
C1-1hrCLTP_Tom20600_012_d2.tif_d1_localizations.csv,4.605718,2.0870655
C1-1hrCLTP_Tom20600_012_d2.tif_d1_localizations.csv,22.8977125,2.0404085
C1-1hrCLTP_Tom20600_012_d2.tif_d1_localizations.csv,3.459846,1.4965275
C1-1hrCLTP_Tom20600_012_d2.tif_d1_localizations.csv,0.869713,1.7576
C1-1hrCLTP_Tom20600_012_d2.tif_d1_localizations.csv,3.5657505,1.891383
C1-1hrCLTP_Tom20600_012_d2.tif_d1_localizations.csv,0.433485,1.034631
C1-1hrCLTP_Tom20600_012_d3.tif_d1_localizations.csv,3.5623185,1.7114695
C1-1hrCLTP_Tom20600_012_d3.tif_d1_localizations.csv,33.26102,1.759251
C1-1hrCLTP_Tom20600_012_d3.tif_d1_localizations.csv,0.2827565,2.189694
C1-1hrCLTP_Tom20600_012_d3.tif_d1_localizations.csv,9.591244,1.583023
C1-1hrCLTP_Tom20600_012_d4.tif_d1_localizations.csv,53.4314105,1.9300385
C1-1hrCLTP_Tom20600_012_d4.tif_d1_localizations.csv,1.8843565,4.0389895
C1-1hrCLTP_Tom20600_012_d4.tif_d1_localizations.csv,3.821454,1.560065
C1-1hrCLTP_Tom20600_012_d4.tif_d1_localizations.csv,38.5007415,2.58778
C1-1hrCLTP_Tom20600_012_d4.tif_d1_localizations.csv,37.652303,3.1305105
C1-1hrCLTP_Tom20600_012_d4.tif_d1_localizations.csv,4.8907885,1.4116505
C1-1hrCLTP_Tom20600_012_d4.tif_d1_localizations.csv,5.6042805,1.483937
C1-1hrCLTP_Tom20600_012_d4.tif_d1_localizations.csv,9.597081,1.711398
C1-1hrCLTP_Tom20600_012_d4.tif_d1_localizations.csv,34.1183765,2.116803
C1-1hrCLTP_Tom20600_012_d4.tif_d1_localizations.csv,17.782713,2.5224095
C1-1hrCLTP_Tom20600_012_d4.tif_d1_localizations.csv,7.122674,3.1077215
C1-1hrCLTP_Tom20600_012_d4.tif_d1_localizations.csv,2.672982,2.7988025
C1-1hrCLTP_Tom20600_012_d4.tif_d1_localizations.csv,14.8822115,2.2577295
C1-1hrCLTP_Tom20600_012_d4.tif_d1_localizations.csv,0.7400575,2.7525745
C1-1hrCLTP_Tom20600_012_d5.tif_d1_localizations.csv,0.207337,1.709357
C1-1hrCLTP_Tom20600_012_d5.tif_d1_localizations.csv,39.310544,1.9162325
C1-1hrCLTP_Tom20600_012_d5.tif_d1_localizations.csv,21.326916,2.013115
C1-1hrCLTP_Tom20600_012_d5.tif_d1_localizations.csv,1.2177295,1.3415025
C1-1hrCLTP_Tom20600_012_d5.tif_d1_localizations.csv,1.916109,1.273246
C1-1hrCLTP_Tom20600_012_d5.tif_d1_localizations.csv,6.1327695,1.462851
C1-1hrCLTP_Tom20600_012_d5.tif_d1_localizations.csv,25.0113695,1.3902135
C1-1hrCLTP_Tom20600_012_d5.tif_d1_localizations.csv,26.3631875,1.555502
C1-1hrCLTP_Tom20600_012_d5.tif_d1_localizations.csv,26.0115245,1.8391815
C1-1hrCLTP_Tom20600_012_d5.tif_d1_localizations.csv,14.206465,2.45609
C1-1hrCLTP_Tom20600_012_d5.tif_d1_localizations.csv,3.6468965,2.64628
C1-1hrCLTP_Tom20600_012_d5.tif_d1_localizations.csv,11.3151025,2.3207925
C1-1hrCLTP_Tom20600_013_d1.tif_d1_localizations.csv,26.965978,3.5320805
C1-1hrCLTP_Tom20600_013_d1.tif_d1_localizations.csv,108.6341425,5.0010155
C1-1hrCLTP_Tom20600_013_d1.tif_d1_localizations.csv,40.8186025,2.346812
C1-1hrCLTP_Tom20600_013_d1.tif_d1_localizations.csv,0.767572,1.279772
C1-1hrCLTP_Tom20600_013_d1.tif_d1_localizations.csv,23.0563775,1.7686565
C1-1hrCLTP_Tom20600_013_d1.tif_d1_localizations.csv,35.359831,2.671448
C1-1hrCLTP_Tom20600_013_d1.tif_d1_localizations.csv,87.92992,3.238131
C1-1hrCLTP_Tom20600_013_d1.tif_d1_localizations.csv,90.8987105,3.5040135
C1-1hrCLTP_Tom20600_013_d1.tif_d1_localizations.csv,8.9444745,0.8060715
C1-1hrCLTP_Tom20600_013_d1.tif_d1_localizations.csv,52.8159255,2.2613305
C1-1hrCLTP_Tom20600_013_d1.tif_d1_localizations.csv,2.5299495,3.6228335
C1-1hrCLTP_Tom20600_013_d1.tif_d1_localizations.csv,55.431142,3.913728
C1-1hrCLTP_Tom20600_013_d1.tif_d1_localizations.csv,13.6331845,4.258683
C1-1hrCLTP_Tom20600_013_d1.tif_d1_localizations.csv,10.8328285,4.725526
C1-1hrCLTP_Tom20600_013_d1.tif_d1_localizations.csv,39.427973,4.976361
C1-1hrCLTP_Tom20600_013_d1.tif_d1_localizations.csv,60.596874,5.460988
C1-1hrCLTP_Tom20600_013_d1.tif_d1_localizations.csv,13.881868,2.6704925
C1-1hrCLTP_Tom20600_013_d1.tif_d1_localizations.csv,27.4251315,2.7279265
C1-1hrCLTP_Tom20600_013_d1.tif_d1_localizations.csv,54.9362775,2.839733
C1-1hrCLTP_Tom20600_013_d1.tif_d1_localizations.csv,37.8430325,3.2988475
C1-1hrCLTP_Tom20600_013_d1.tif_d1_localizations.csv,6.5136175,4.971278
C1-1hrCLTP_Tom20600_013_d1.tif_d1_localizations.csv,21.719685,1.8908565
C1-1hrCLTP_Tom20600_013_d1.tif_d1_localizations.csv,38.7193755,3.3419685
C1-1hrCLTP_Tom20600_013_d1.tif_d1_localizations.csv,6.0587345,5.001438
C1-1hrCLTP_Tom20600_013_d1.tif_d1_localizations.csv,61.641606,5.544448
C1-1hrCLTP_Tom20600_013_d1.tif_d1_localizations.csv,13.543257,3.3266155
C1-1hrCLTP_Tom20600_013_d2.tif_d1_localizations.csv,8.0063945,1.473316
C1-1hrCLTP_Tom20600_013_d2.tif_d1_localizations.csv,21.635588,1.87733
C1-1hrCLTP_Tom20600_013_d2.tif_d1_localizations.csv,27.67739,0.7343245
C1-1hrCLTP_Tom20600_013_d2.tif_d1_localizations.csv,2.054117,1.524536
C1-1hrCLTP_Tom20600_013_d2.tif_d1_localizations.csv,23.8351555,1.527812
C1-1hrCLTP_Tom20600_013_d2.tif_d1_localizations.csv,18.188144,1.867827
C1-1hrCLTP_Tom20600_013_d2.tif_d1_localizations.csv,24.574238,0.6842875
C1-1hrCLTP_Tom20600_013_d2.tif_d1_localizations.csv,23.24907,0.7927335
C1-1hrCLTP_Tom20600_013_d3.tif_d1_localizations.csv,25.1289155,3.2386965
C1-1hrCLTP_Tom20600_013_d3.tif_d1_localizations.csv,46.2772245,1.613092
C1-1hrCLTP_Tom20600_013_d3.tif_d1_localizations.csv,38.865125,2.389894
C1-1hrCLTP_Tom20600_013_d3.tif_d1_localizations.csv,10.932532,4.4800145
C1-1hrCLTP_Tom20600_013_d3.tif_d1_localizations.csv,21.1136185,1.816243
C1-1hrCLTP_Tom20600_013_d3.tif_d1_localizations.csv,92.2963925,2.5092795
C1-1hrCLTP_Tom20600_013_d3.tif_d1_localizations.csv,33.4674015,2.5975885
C1-1hrCLTP_Tom20600_013_d3.tif_d1_localizations.csv,3.9013325,3.118583
C1-1hrCLTP_Tom20600_013_d3.tif_d1_localizations.csv,29.303794,3.1057715
C1-1hrCLTP_Tom20600_013_d3.tif_d1_localizations.csv,9.962667,3.842618
C1-1hrCLTP_Tom20600_013_d3.tif_d1_localizations.csv,7.2108855,0.7740395
C1-1hrCLTP_Tom20600_013_d3.tif_d1_localizations.csv,50.705525,1.79634
C1-1hrCLTP_Tom20600_013_d3.tif_d1_localizations.csv,14.354444,2.200328
C1-1hrCLTP_Tom20600_013_d3.tif_d1_localizations.csv,61.5631575,2.794324
C1-1hrCLTP_Tom20600_013_d3.tif_d1_localizations.csv,82.0299675,2.8107885
C1-1hrCLTP_Tom20600_013_d3.tif_d1_localizations.csv,0.604994,3.0322565
C1-1hrCLTP_Tom20600_013_d3.tif_d1_localizations.csv,53.420939,3.1951205
C1-1hrCLTP_Tom20600_013_d3.tif_d1_localizations.csv,37.296753,5.5729375
C1-1hrCLTP_Tom20600_013_d3.tif_d1_localizations.csv,64.666108,2.6659945
C1-1hrCLTP_Tom20600_013_d3.tif_d1_localizations.csv,11.690146,4.46485
C1-1hrCLTP_Tom20600_013_d3.tif_d1_localizations.csv,8.8360285,4.791176
C1-1hrCLTP_Tom20600_013_d3.tif_d1_localizations.csv,37.569714,5.1070825
C1-1hrCLTP_Tom20600_013_d3.tif_d1_localizations.csv,52.932386,2.126904
C1-1hrCLTP_Tom20600_013_d3.tif_d1_localizations.csv,25.528295,2.391896
C1-1hrCLTP_Tom20600_013_d3.tif_d1_localizations.csv,11.9983175,2.900612
C1-1hrCLTP_Tom20600_013_d3.tif_d1_localizations.csv,8.2735055,3.273738
C1-1hrCLTP_Tom20600_013_d3.tif_d1_localizations.csv,35.9074625,3.4249605
C1-1hrCLTP_Tom20600_013_d3.tif_d1_localizations.csv,10.2946285,3.8971725
C1-1hrCLTP_Tom20600_013_d3.tif_d1_localizations.csv,6.4840425,4.4658315
C1-1hrCLTP_Tom20600_013_d3.tif_d1_localizations.csv,18.975229,4.528199
C1-1hrCLTP_Tom20600_013_d3.tif_d1_localizations.csv,4.460573,4.7279115
C1-1hrCLTP_Tom20600_013_d3.tif_d1_localizations.csv,19.806332,2.033837
C1-1hrCLTP_Tom20600_013_d3.tif_d1_localizations.csv,36.7900585,3.486288
C1-1hrCLTP_Tom20600_013_d3.tif_d1_localizations.csv,51.610442,3.5577945
C1-1hrCLTP_Tom20600_013_d3.tif_d1_localizations.csv,4.136249,1.521299
C1-1hrCLTP_Tom20600_013_d3.tif_d1_localizations.csv,42.9751205,1.5790125
C1-1hrCLTP_Tom20600_013_d3.tif_d1_localizations.csv,3.989167,4.7288215
C1-1hrCLTP_Tom20600_013_d3.tif_d1_localizations.csv,46.4619545,5.5010475
C1-1hrCLTP_Tom20600_013_d3.tif_d1_localizations.csv,44.4203435,2.469285
C1-1hrCLTP_Tom20600_013_d3.tif_d1_localizations.csv,11.6266995,3.5455615
C1-1hrCLTP_Tom20600_013_d3.tif_d1_localizations.csv,46.126106,4.8258535
C1-1hrCLTP_Tom20600_014_d1.tif_d1_localizations.csv,15.1280155,2.2732125
C1-1hrCLTP_Tom20600_014_d1.tif_d1_localizations.csv,42.059836,4.9825035
C1-1hrCLTP_Tom20600_014_d1.tif_d1_localizations.csv,32.950125,1.7194645
C1-1hrCLTP_Tom20600_014_d1.tif_d1_localizations.csv,5.8174285,2.728583
C1-1hrCLTP_Tom20600_014_d1.tif_d1_localizations.csv,36.684765,2.7105715
C1-1hrCLTP_Tom20600_014_d1.tif_d1_localizations.csv,50.7099385,4.3863105
C1-1hrCLTP_Tom20600_014_d1.tif_d1_localizations.csv,16.0013815,2.443896
C1-1hrCLTP_Tom20600_014_d1.tif_d1_localizations.csv,1.889108,4.941222
C1-1hrCLTP_Tom20600_014_d1.tif_d1_localizations.csv,30.5479525,1.3617695
C1-1hrCLTP_Tom20600_014_d1.tif_d1_localizations.csv,0.221546,0.6081205
C1-1hrCLTP_Tom20600_014_d1.tif_d1_localizations.csv,0.9232925,2.56815
C1-1hrCLTP_Tom20600_014_d1.tif_d1_localizations.csv,0.288184,3.40821
C1-1hrCLTP_Tom20600_014_d1.tif_d1_localizations.csv,0.140218,1.10747
C1-1hrCLTP_Tom20600_014_d2.tif_d1_localizations.csv,18.1804415,0.837031
C1-1hrCLTP_Tom20600_014_d2.tif_d1_localizations.csv,18.381844,1.1926135
C1-1hrCLTP_Tom20600_014_d2.tif_d1_localizations.csv,7.951593,2.6453115
C1-1hrCLTP_Tom20600_014_d2.tif_d1_localizations.csv,4.50957,3.1402345
C1-1hrCLTP_Tom20600_014_d2.tif_d1_localizations.csv,10.4942435,3.2821945
C1-1hrCLTP_Tom20600_014_d2.tif_d1_localizations.csv,6.1121645,2.11549
C1-1hrCLTP_Tom20600_014_d2.tif_d1_localizations.csv,1.805609,3.368027
C1-1hrCLTP_Tom20600_014_d3.tif_d1_localizations.csv,13.5278325,1.818102
C1-1hrCLTP_Tom20600_014_d3.tif_d1_localizations.csv,24.5644555,2.3356255
C1-1hrCLTP_Tom20600_014_d3.tif_d1_localizations.csv,31.987761,1.961219
C1-1hrCLTP_Tom20600_014_d3.tif_d1_localizations.csv,2.91655,1.434602
C1-1hrCLTP_Tom20600_014_d3.tif_d1_localizations.csv,9.9031075,2.6276185
C1-1hrCLTP_Tom20600_014_d3.tif_d1_localizations.csv,24.767912,2.8939495
C1-1hrCLTP_Tom20600_015_d1.tif_d1_localizations.csv,0.9370725,0.4727255
C1-1hrCLTP_Tom20600_015_d1.tif_d1_localizations.csv,10.183446,2.2494615
C1-1hrCLTP_Tom20600_015_d1.tif_d1_localizations.csv,3.275857,1.9132295
C1-1hrCLTP_Tom20600_015_d1.tif_d1_localizations.csv,3.6560225,2.193204
C1-1hrCLTP_Tom20600_015_d1.tif_d1_localizations.csv,32.744868,3.0621955
C1-1hrCLTP_Tom20600_015_d2.tif_d1_localizations.csv,1.161056,2.76094
C1-1hrCLTP_Tom20600_015_d2.tif_d1_localizations.csv,38.3213675,0.5745415
C1-1hrCLTP_Tom20600_015_d2.tif_d1_localizations.csv,2.112903,0.471861
C1-1hrCLTP_Tom20600_015_d2.tif_d1_localizations.csv,15.9329495,2.0265635
C1-1hrCLTP_Tom20600_015_d3.tif_d1_localizations.csv,30.0745445,1.323062
C1-1hrCLTP_Tom20600_015_d3.tif_d1_localizations.csv,29.474575,1.5211365
C1-1hrCLTP_Tom20600_015_d3.tif_d1_localizations.csv,29.904823,1.6805165
C1-1hrCLTP_Tom20600_015_d3.tif_d1_localizations.csv,29.2335225,1.829139
C1-1hrCLTP_Tom20600_016_d1.tif_d1_localizations.csv,13.7292025,1.742468
C1-1hrCLTP_Tom20600_016_d1.tif_d1_localizations.csv,17.8993555,2.1089445